Designator,Footprint,Quantity,Value,LCSC Part #
SW0,MX-1-00U-Hole-no-silk,1,0,C193191
SW1,MX-1-00U-Hole-no-silk,1,1,C193191
SW2,MX-1-00U-Hole-no-silk,1,2,C193191
SW3,MX-1-00U-Hole-no-silk,1,3,C193191
SW4,MX-1-00U-Hole-no-silk,1,4,C193191
SW5,MX-1-00U-Hole-no-silk,1,5,C193191
SW6,MX-1-00U-Hole-no-silk,1,6,C193191
SW7,MX-1-00U-Hole-no-silk,1,7,C193191
SW8,MX-1-00U-Hole-no-silk,1,8,C193191
SW9,MX-1-00U-Hole-no-silk,1,9,C193191
SWA1,MX-1-00U-Hole-no-silk,1,A,C193191
SWB1,MX-1-00U-Hole-no-silk,1,B,C193191
SWBRK1,MX-1-25U-Hole-no-silk,1,Break,C193191
SWC1,MX-1-00U-Hole-no-silk,1,C,C193191
SWCOMMA1,MX-1-00U-Hole-no-silk,1,Comma,C193191
SWCPS1,MX-1-00U-Hole-no-silk,1,Caps,C193191
SWCTL1,MX-1-25U-Hole-no-silk,1,Control,C193191
SWD1,MX-1-00U-Hole-no-silk,1,D,C193191
SWDASH1,MX-1-00U-Hole-no-silk,1,Dash,C193191
SWDEL1,MX-1-75U-Hole,1,Del,C193191
SWE1,MX-1-00U-Hole-no-silk,1,E,C193191
SWEQUAL1,MX-1-00U-Hole-no-silk,1,Equal,C193191
SWESC1,MX-1-00U-Hole-no-silk,1,Esc,C193191
SWF1,MX-1-00U-Hole-no-silk,1,F,C193191
SWG1,MX-1-00U-Hole-no-silk,1,G,C193191
SWGT1,MX-1-00U-Hole-no-silk,1,GreaterThan,C193191
SWH1,MX-1-00U-Hole-no-silk,1,H,C193191
SWI1,MX-1-00U-Hole-no-silk,1,I,C193191
SWINV1,MX-1-00U-Hole-no-silk,1,Atari,C193191
SWJ1,MX-1-00U-Hole-no-silk,1,J,C193191
SWK1,MX-1-00U-Hole-no-silk,1,K,C193191
SWL1,MX-1-00U-Hole-no-silk,1,L,C193191
SWLT1,MX-1-00U-Hole-no-silk,1,LessThan,C193191
SWM1,MX-1-00U-Hole-no-silk,1,M,C193191
SWN1,MX-1-00U-Hole-no-silk,1,N,C193191
SWO1,MX-1-00U-Hole-no-silk,1,O,C193191
SWP1,MX-1-00U-Hole-no-silk,1,P,C193191
SWPERIOD1,MX-1-00U-Hole-no-silk,1,Period,C193191
SWPLUS1,MX-1-00U-Hole-no-silk,1,Plus,C193191
SWQ1,MX-1-00U-Hole-no-silk,1,Q,C193191
SWR1,MX-1-00U-Hole-no-silk,1,R,C193191
SWRET1,MX-1-25U-Hole-no-silk,1,Return,C193191
SWS1,MX-1-00U-Hole-no-silk,1,S,C193191
SWSEMI1,MX-1-00U-Hole-no-silk,1,Semicolon,C193191
SWSLASH1,MX-1-00U-Hole-no-silk,1,Slash,C193191
SWSTAR1,MX-1-00U-Hole-no-silk,1,Star,C193191
SWT1,MX-1-00U-Hole-no-silk,1,T,C193191
SWTAB1,MX-1-25U-Hole-no-silk,1,Tab,C193191
SWU1,MX-1-00U-Hole-no-silk,1,U,C193191
SWV1,MX-1-00U-Hole-no-silk,1,V,C193191
SWW1,MX-1-00U-Hole-no-silk,1,W,C193191
SWX1,MX-1-00U-Hole-no-silk,1,X,C193191
SWY1,MX-1-00U-Hole-no-silk,1,Y,C193191
SWZ1,MX-1-00U-Hole-no-silk,1,Z,C193191
