Designator,Footprint,Quantity,Value,LCSC Part #
SW0,MX-1-00U-Hole,1,0,C193191
SW1,MX-1-00U-Hole,1,1,C193191
SW2,MX-1-00U-Hole,1,2,C193191
SW3,MX-1-00U-Hole,1,3,C193191
SW4,MX-1-00U-Hole,1,4,C193191
SW5,MX-1-00U-Hole,1,5,C193191
SW6,MX-1-00U-Hole,1,6,C193191
SW7,MX-1-00U-Hole,1,7,C193191
SW8,MX-1-00U-Hole,1,8,C193191
SW9,MX-1-00U-Hole,1,9,C193191
SWA1,MX-1-00U-Hole,1,A,C193191
SWAtari2,MX-1-25U-Hole,1,Atari,C193191
SWB1,MX-1-00U-Hole,1,B,C193191
SWC1,MX-1-00U-Hole,1,C,C193191
SWComma1,MX-1-00U-Hole,1,Comma,C193191
SWCps1,MX-1-00U-Hole,1,Caps,C193191
SWCtl1,MX-1-50U-Hole,1,Control,C193191
SWCtl2,MX-1-25U-Hole,1,Control,C193191
SWD1,MX-1-00U-Hole,1,D,C193191
SWDash1,MX-1-00U-Hole,1,Dash,C193191
SWE1,MX-1-00U-Hole,1,E,C193191
SWEqual1,MX-1-00U-Hole,1,Equal,C193191
SWEsc1,MX-1-00U-Hole,1,Esc,C193191
SWF1,MX-1-00U-Hole,1,F,C193191
SWG1,MX-1-00U-Hole,1,G,C193191
SWGT1,MX-1-00U-Hole,1,GreaterThan,C193191
SWH1,MX-1-00U-Hole,1,H,C193191
SWI1,MX-1-00U-Hole,1,I,C193191
SWJ1,MX-1-00U-Hole,1,J,C193191
SWK1,MX-1-00U-Hole,1,K,C193191
SWL1,MX-1-00U-Hole,1,L,C193191
SWLT1,MX-1-00U-Hole,1,LessThan,C193191
SWLeftSft1,MX-2-00U-Hole,1,Shift,C193191
SWM1,MX-1-00U-Hole,1,M,C193191
SWN1,MX-1-00U-Hole,1,N,C193191
SWO1,MX-1-00U-Hole,1,O,C193191
SWP1,MX-1-00U-Hole,1,P,C193191
SWPeriod1,MX-1-00U-Hole,1,Period,C193191
SWPlus1,MX-1-00U-Hole,1,Plus,C193191
SWQ1,MX-1-00U-Hole,1,Q,C193191
SWR1,MX-1-00U-Hole,1,R,C193191
SWRet1,MX-1-50U-Hole-Right,1,Return,C193191
SWRightSft1,MX-2-50-Hole,1,Shift,C193191
SWS1,MX-1-00U-Hole,1,S,C193191
SWSemi1,MX-1-00U-Hole,1,Semicolon,C193191
SWSlash1,MX-1-00U-Hole,1,Slash,C193191
SWSpc1,MX-6-25U-Hole,1,Space,C193191
SWStar1,MX-1-00U-Hole,1,Star,C193191
SWT1,MX-1-00U-Hole,1,T,C193191
SWTab1,MX-1-50U-Hole,1,Tab,C193191
SWU1,MX-1-00U-Hole,1,U,C193191
SWV1,MX-1-00U-Hole,1,V,C193191
SWW1,MX-1-00U-Hole,1,W,C193191
SWX1,MX-1-00U-Hole,1,X,C193191
SWY1,MX-1-00U-Hole,1,Y,C193191
SWZ1,MX-1-00U-Hole,1,Z,C193191
