Designator,Footprint,Quantity,Value,LCSC Part #
"D1, D10, D12, D13, D14, D15, D16, D17, D18, D19, D2, D20, D21, D22, D23, D24, D25, D26, D27, D28, D29, D3, D30, D31, D32, D33, D34, D35, D36, D37, D38, D39, D4, D40, D41, D42, D43, D44, D45, D46, D47, D48, D49, D5, D50, D51, D52, D53, D54, D55, D56, D57, D58, D59, D6, D60, D61, D62, D7, D8, D9",D_SOD-123,62,1N4148W,C81598
J2,Molex_200528-0260_1x26-1MP_P1.00mm_Horizontal,1,Conn_01x26,C60248
J6,Hirose_FH12-10S-0.5SH_1x10-1MP_P0.50mm_Horizontal,2,Conn_01x10,C709365
"R1, R10, R12, R13, R14, R15, R16, R17, R18, R19, R2, R20, R21, R22, R23, R24, R25, R26, R27, R28, R29, R3, R30, R31, R32, R33, R34, R35, R36, R37, R38, R39, R4, R40, R41, R42, R43, R44, R45, R46, R47, R48, R49, R5, R50, R51, R52, R53, R54, R55, R56, R57, R58, R59, R6, R60, R61, R62, R63, R66, R7, R8, R9",603,68,R,C22775
"SW0, SW1, SW2, SW3, SW4, SW5, SW6, SW7, SW8, SW9, SWA1, SWB1, SWBrk2, SWC1, SWComma1, SWD1, SWDash1, SWDel2, SWE1, SWEqual1, SWF1, SWFn1, SWFn2, SWFn3, SWFn4, SWG1, SWGT1, SWH1, SWI1, SWInv1, SWJ1, SWK1, SWL1, SWLT1, SWM1, SWN1, SWO1, SWP1, SWPeriod1, SWPlus1, SWQ1, SWR1, SWS1, SWSemi1, SWSlash1, SWStar1, SWT1, SWU1, SWV1, SWW1, SWX1, SWY1, SWZ1",MX-1-00U-LED,58,SW_Push_45deg,C193191
"SWBrk1, SWCps1, SWCtl1",MX-1-25U-LED,3,SW_Push_45deg,C193191
SWCtlCaps1,MX-2-00--1-75-U-LED,1,SW_Push_45deg,C193191
SWEsc1,MX-1-25--1-00-U-LED,1,SW_Push_45deg,C193191
SWLeftSft1,MX-2-50U-LED,1,SW_Push_45deg,C193191
SWRet2,MX-1-50U-LED,1,SW_Push_45deg,C193191
SWRightSft1,MX-1-75U-LED,1,SW_Push_45deg,C193191
SWSpc1,MX-9-00--6-25-U-LED,1,SW_Push_45deg,C193191
SWTab1,MX-1-75--1-50-U-LED,1,SW_Push_45deg,C193191
