Designator,Mid X,Mid Y,Rotation,Layer
C1,117.01,-56.17625,180.0,bottom
C10,141.14,-103.16625,180.0,bottom
C11,122.09,-122.21625,180.0,bottom
C12,141.14,-122.21625,180.0,bottom
C13,122.09,-141.26625,180.0,bottom
C14,103.04,-122.21625,180.0,bottom
C15,141.14,-141.26625,180.0,bottom
C16,159.936,-150.91825,180.0,bottom
C17,103.04,-141.26625,180.0,bottom
C18,92.1688,-153.68685,0.0,bottom
C19,141.14,-160.31625,180.0,bottom
C2,144.95,-56.17625,180.0,bottom
C20,100.6524,-59.93545,270.0,bottom
C21,33.1392,-62.04365,270.0,bottom
C22,37.6096,-59.93545,270.0,bottom
C23,61.4348,-61.02765,270.0,bottom
C24,102.9638,-59.93545,270.0,bottom
C25,50.335,-60.69745,180.0,bottom
C26,51.0716,-55.59205,90.0,bottom
C27,39.3622,-59.40205,0.0,bottom
C28,48.8364,-65.06625,180.0,bottom
C29,43.2484,-67.24805,270.0,bottom
C3,103.04,-84.11625,180.0,bottom
C30,39.032,-60.39265,0.0,bottom
C31,42.334,-67.25185,270.0,bottom
C32,48.1506,-55.23645,90.0,bottom
C33,43.477,-54.70305,90.0,bottom
C34,52.5448,-61.73885,180.0,bottom
C35,49.5984,-57.39545,180.0,bottom
C36,155.7704,-99.00065,180.0,bottom
C37,111.93,-160.31625,180.0,bottom
C38,155.8212,-137.22765,180.0,bottom
C39,58.7424,-62.72945,0.0,bottom
C4,122.09,-84.11625,180.0,bottom
C40,54.526,-61.73885,0.0,bottom
C41,54.526,-60.74825,0.0,bottom
C42,95.674,-54.90625,90.0,bottom
C43,92.118,-46.27025,0.0,bottom
C45,40.81,-160.31625,180.0,bottom
C46,59.86,-160.31625,180.0,bottom
C47,78.91,-160.31625,180.0,bottom
C48,59.86,-141.26625,180.0,bottom
C49,40.81,-84.11625,180.0,bottom
C5,141.14,-84.11625,180.0,bottom
C50,59.86,-84.11625,180.0,bottom
C53,78.91,-84.11625,180.0,bottom
C54,87.8,-56.17625,180.0,bottom
C55,59.86,-103.16625,180.0,bottom
C56,40.81,-103.16625,180.0,bottom
C57,78.91,-103.16625,180.0,bottom
C6,160.19,-84.11625,180.0,bottom
C7,159.936,-112.81825,180.0,bottom
C8,103.04,-103.16625,180.0,bottom
C9,122.09,-103.16625,180.0,bottom
D1,122.598,-65.06625,90.0,bottom
D10,137.0125,-81.57625,0.0,bottom
D11,165.27,-94.27625,90.0,bottom
D12,156.0625,-81.57625,0.0,bottom
D13,165.27,-122.21625,90.0,bottom
D14,151.0714,-98.23865,0.0,bottom
D15,108.12,-113.32625,90.0,bottom
D16,98.9125,-100.62625,0.0,bottom
D17,127.17,-113.32625,90.0,bottom
D18,117.9625,-100.62625,0.0,bottom
D19,146.22,-113.32625,90.0,bottom
D2,113.2,-53.00125,0.0,bottom
D20,137.0125,-100.62625,0.0,bottom
D21,127.17,-132.37625,90.0,bottom
D22,117.9625,-119.67625,0.0,bottom
D23,145.3564,-132.37625,90.0,bottom
D24,137.0125,-119.67625,0.0,bottom
D25,127.17,-151.42625,90.0,bottom
D26,117.9625,-138.72625,0.0,bottom
D27,108.12,-132.37625,90.0,bottom
D28,98.9125,-119.67625,0.0,bottom
D29,146.22,-151.42625,90.0,bottom
D3,151.554,-65.32025,90.0,bottom
D30,137.0125,-138.72625,0.0,bottom
D31,168.5466,-160.29085,90.0,bottom
D32,151.0968,-136.46565,0.0,bottom
D33,108.12,-151.42625,90.0,bottom
D34,99.5475,-138.72625,0.0,bottom
D35,126.916,-167.91085,90.0,bottom
D36,91.5592,-158.05565,270.0,bottom
D37,145.3564,-169.35865,90.0,bottom
D38,137.0125,-157.77625,0.0,bottom
D39,156.0625,-110.15125,0.0,bottom
D4,141.775,-53.00125,0.0,bottom
D40,108.4375,-157.77625,0.0,bottom
D41,156.0625,-148.25125,0.0,bottom
D42,43.35,-69.38425,0.0,bottom
D44,45.89,-160.31625,270.0,bottom
D45,37.0,-157.77625,0.0,bottom
D46,64.94,-160.31625,270.0,bottom
D47,56.05,-157.77625,0.0,bottom
D48,83.99,-160.31625,270.0,bottom
D49,75.1,-157.77625,0.0,bottom
D5,108.12,-94.27625,90.0,bottom
D50,64.94,-151.42625,90.0,bottom
D51,56.05,-138.72625,0.0,bottom
D52,45.89,-94.27625,90.0,bottom
D53,37.0,-81.57625,0.0,bottom
D54,64.94,-94.27625,90.0,bottom
D55,56.05,-81.57625,0.0,bottom
D56,62.4,-69.38425,0.0,bottom
D58,81.45,-69.38425,0.0,bottom
D6,98.9125,-81.57625,0.0,bottom
D60,83.99,-94.27625,90.0,bottom
D61,75.1,-81.57625,0.0,bottom
D62,94.15,-65.06625,90.0,bottom
D63,84.625,-53.00125,0.0,bottom
D64,64.94,-113.32625,90.0,bottom
D65,56.05,-100.62625,0.0,bottom
D66,45.89,-113.32625,90.0,bottom
D67,37.0,-100.62625,0.0,bottom
D68,83.99,-113.32625,90.0,bottom
D69,75.1,-100.62625,0.0,bottom
D7,127.17,-94.27625,90.0,bottom
D8,117.9625,-81.57625,0.0,bottom
D9,146.22,-94.27625,90.0,bottom
F1,57.828,-61.07845,180.0,bottom
H1,168.0625,-41.5,0.0,top
H2,168.0625,-170.0,0.0,top
H3,25.0,-170.0,0.0,top
H4,25.0,-41.5,0.0,top
J6,89.1,-42.099999999999994,180.0,bottom
R2,73.1188,-63.28825,180.0,bottom
R3,49.7762,-59.68145,0.0,bottom
R4,49.7762,-58.66545,0.0,bottom
R5,38.397,-61.38325,180.0,bottom
R6,89.324,-48.55625,270.0,bottom
R7,86.276,-48.55625,270.0,bottom
SW1,75.5572,-59.52905,270.0,bottom
SW10,118.59750000000001,-109.51625,0.0,bottom
SW11,137.64749999999998,-109.51625,0.0,bottom
SW12,118.59750000000001,-128.56625,0.0,bottom
SW13,137.64749999999998,-128.56625,0.0,bottom
SW14,118.59750000000001,-147.61625,0.0,bottom
SW15,99.5475,-128.56625,0.0,bottom
SW16,137.64749999999998,-147.61625,0.0,bottom
SW17,156.6975,-157.14125,0.0,bottom
SW18,99.5475,-147.61625,0.0,bottom
SW19,109.0598,-166.66625,0.0,bottom
SW2,113.83500000000001,-61.89125,0.0,bottom
SW20,137.64749999999998,-166.66625,0.0,bottom
SW22,37.635,-166.66625,0.0,bottom
SW23,56.684999999999995,-166.66625,0.0,bottom
SW24,75.735,-166.66625,0.0,bottom
SW25,56.684999999999995,-147.61625,0.0,bottom
SW26,37.635,-90.46625,0.0,bottom
SW27,56.684999999999995,-90.46625,0.0,bottom
SW3,142.41,-61.89125,0.0,bottom
SW30,75.735,-90.46625,0.0,bottom
SW31,85.26,-61.89125,0.0,bottom
SW32,56.684999999999995,-109.51625,0.0,bottom
SW33,37.635,-109.51625,0.0,bottom
SW34,75.735,-109.51625,0.0,bottom
SW35,25.9256,-48.93725,180.0,bottom
SW4,99.5475,-90.46625,0.0,bottom
SW5,118.59750000000001,-90.46625,0.0,bottom
SW6,137.64749999999998,-90.46625,0.0,bottom
SW7,156.6975,-90.46625,0.0,bottom
SW8,156.6975,-119.04125,0.0,bottom
SW9,99.5475,-109.51625,0.0,bottom
U1,65.0162,-64.50915,270.0,bottom
U2,102.9517,-54.49985,270.0,bottom
U3,44.4862,-60.37605,90.0,bottom
U4,55.034,-55.92225,180.0,bottom
U5,92.118,-49.31825,180.0,bottom
Y1,35.3802,-61.60805,90.0,bottom
